{
    "LogisticRegression": {
        "accuracy": 0.789,
        "roc_auc": 0.832,
        "classification_report": {
            "0": {
                "precision": 0.8357664233576643,
                "recall": 0.8867376573088093,
                "f1-score": 0.8604978863316111,
                "support": 1033.0
            },
            "1": {
                "precision": 0.6237942122186495,
                "recall": 0.5187165775401069,
                "f1-score": 0.5664233576642336,
                "support": 374.0
            },
            "accuracy": 0.7889125799573561,
            "macro avg": {
                "precision": 0.7297803177881569,
                "recall": 0.702727117424458,
                "f1-score": 0.7134606219979223,
                "support": 1407.0
            },
            "weighted avg": {
                "precision": 0.7794212869212809,
                "recall": 0.7889125799573561,
                "f1-score": 0.7823288218528625,
                "support": 1407.0
            }
        },
        "confusion_matrix": [
            [
                916,
                117
            ],
            [
                180,
                194
            ]
        ]
    },
    "RandomForest": {
        "accuracy": 0.787,
        "roc_auc": 0.812,
        "classification_report": {
            "0": {
                "precision": 0.8247787610619469,
                "recall": 0.9022265246853823,
                "f1-score": 0.8617660656495608,
                "support": 1033.0
            },
            "1": {
                "precision": 0.6353790613718412,
                "recall": 0.47058823529411764,
                "f1-score": 0.5407066052227343,
                "support": 374.0
            },
            "accuracy": 0.7874911158493249,
            "macro avg": {
                "precision": 0.730078911216894,
                "recall": 0.68640737998975,
                "f1-score": 0.7012363354361475,
                "support": 1407.0
            },
            "weighted avg": {
                "precision": 0.7744337094030275,
                "recall": 0.7874911158493249,
                "f1-score": 0.7764240342354648,
                "support": 1407.0
            }
        },
        "confusion_matrix": [
            [
                932,
                101
            ],
            [
                198,
                176
            ]
        ]
    },
    "XGBoost": {
        "accuracy": 0.77,
        "roc_auc": 0.803,
        "classification_report": {
            "0": {
                "precision": 0.827490774907749,
                "recall": 0.8683446272991288,
                "f1-score": 0.8474256022673595,
                "support": 1033.0
            },
            "1": {
                "precision": 0.5789473684210527,
                "recall": 0.5,
                "f1-score": 0.5365853658536586,
                "support": 374.0
            },
            "accuracy": 0.7704335465529495,
            "macro avg": {
                "precision": 0.7032190716644009,
                "recall": 0.6841723136495643,
                "f1-score": 0.692005484060509,
                "support": 1407.0
            },
            "weighted avg": {
                "precision": 0.7614245104969285,
                "recall": 0.7704335465529495,
                "f1-score": 0.7647999815006757,
                "support": 1407.0
            }
        },
        "confusion_matrix": [
            [
                897,
                136
            ],
            [
                187,
                187
            ]
        ]
    }
}